id;office_code;parent_code;parent_codes;tree_sort;tree_sorts;tree_leaf;tree_level;tree_names;view_code;office_name;full_name;office_type;leader;phone;address;zip_code;email;remarks;status
1;Chips Checking Account;Facilitator;Facilitator transmit;9048;56701;false;73844;THX;copy Dynamic;solid state program;help-desk SAS embrace;PROVINCIAL;firmware;363-563-3545 x2534;Movies;61666-7453;Salma_Wilderman@yahoo.com;Lead cross-platform;DELETE
2;Moldova Operative;Investment Account generate;synthesize capacitor Andorra;82239;19577;false;756;deposit Principal Profound;streamline azure Inlet;Rustic;Money Market Account Fiji;PROVINCIAL;Generic;1-732-948-1511 x6817;Fish attitude-oriented;51299-4408;Kathleen52@hotmail.com;Frozen Kids;DISABLE
3;digital;Savings Account action-items;Human navigate Idaho;25564;78052;false;27480;transmitting bandwidth Trinidad and Tobago Dollar;calculate;Landing;Mouse Re-engineered;PROVINCIAL;model;625-622-3650;Frozen bi-directional;66444-4776;Yvette81@gmail.com;Credit Card Account;DISABLE
4;asymmetric;Investor maroon;one-to-one;34356;35499;true;6942;South Georgia and the South Sandwich Islands Handcrafted Soft Car;payment;HDD;Pataca Function-based;NATIONAL;reintermediate efficient Producer;430-550-9916 x672;Indonesia;44870;Elise_OReilly47@yahoo.com;enhance Cotton Liaison;DISABLE
5;generate Switchable Kyat;Money Market Account;1080p;86468;12771;true;82606;back-end protocol;Plastic;encompassing;evolve plug-and-play;PROVINCIAL;navigating;(496) 851-9745;Texas aggregate Cambridgeshire;15863;Shad_Lemke80@hotmail.com;digital;DISABLE
6;utilize;Chicken;compelling;97561;57304;true;93273;Connecticut Throughway synergy;Avon Personal Loan Account;hacking installation Markets;Metal leading-edge Sleek Steel Hat;NATIONAL;San Marino;145.395.8421 x86020;Credit Card Account intuitive;05714;Anderson_Kub5@gmail.com;Guinea Franc Administrator;NORMAL
7;Soft;attitude-oriented;Saudi Riyal;6229;61805;true;63318;Sharable Polarised orange;Credit Card Account;navigating panel;AI Ports pink;PROVINCIAL;interface;902.414.4072 x5761;Nepal;30826;Cloyd95@hotmail.com;Berkshire;DELETE
8;Mill compressing;Shoes;Pizza;32467;24347;true;65171;cross-platform Investment Account;Key mobile Direct;Licensed withdrawal Quality;markets Extended programming;CITY;Stream withdrawal withdrawal;(462) 680-4581 x17954;Small Steel Computer synthesize deposit;01009-5733;Elenora_Zemlak@yahoo.com;Branding digital e-business;NORMAL
9;Gorgeous Cotton Chair Ergonomic Cambridgeshire;regional compress Personal Loan Account;Djibouti Franc Music;25541;61501;false;77463;invoice;Camp Principal;back-end;Wall;CITY;Legacy Slovenia;611-031-9520 x3345;maximize Sausages;29161;Sheridan_Ankunding@yahoo.com;New Taiwan Dollar;DELETE
10;Universal Egypt invoice;Wall;input Rhode Island Tuna;5385;17742;false;54502;Engineer Operations Handmade Wooden Computer;Saint Helena Pound;parsing;Borders;PROVINCIAL;relationships quantify generate;215-160-8568 x7411;Alabama open-source;78920-1488;Connie_Hagenes@yahoo.com;generating Savings Account Indian Rupee;DELETE
