id;user_code;login_code;user_name;password;email;mobile;phone;sex;avatar;sign;wx_openid;mobile_imei;user_type;ref_code;ref_name;last_login_ip;last_login_date;freeze_date;freeze_cause;user_sort;status;remarks
1;mobile Fish;Home Loan Account Table Computer;Trace;Savings Account alarm;Anabelle_Wisozk93@gmail.com;Electronics;163.650.4025 x63102;MALE;syndicate;Mississippi Refined Rubber Chicken Table;Automotive;Planner cross-platform access;MEMBER;infomediaries;Investment Account;Games Regional Digitized;2019-09-07T10:55:53;2019-09-07T08:42:12;convergence;20794;FREEZE;connect Markets Chief
2;capacitor archive;sky blue Tasty Plastic Pizza;compress South Georgia and the South Sandwich Islands;compelling mission-critical;Doug80@yahoo.com;Small;473.120.0817 x77776;MALE;Frozen IB;Highway Ergonomic;moratorium moratorium;New York tangible Mississippi;MEMBER;hard drive Robust Networked;Poland;Small partnerships;2019-09-07T21:59:26;2019-09-08T02:04:39;withdrawal knowledge base Buckinghamshire;90756;NORMAL;Saint Lucia white
3;Generic neutral Salad;Auto Loan Account modular Refined;digital maroon;EXE projection Fresh;Emilio27@yahoo.com;withdrawal;838-301-5544;MALE;24/7;Gloves sky blue Oklahoma;robust Engineer;Exclusive Moroccan Dirham card;MEMBER;mission-critical;Berkshire Small Plastic Pants Investor;Canadian Dollar;2019-09-07T14:05:22;2019-09-07T15:05:06;Designer Persistent;67213;DISABLE;Re-contextualized
4;web-enabled invoice withdrawal;bypassing optical;installation;Argentine Peso;Lance.Hane1@hotmail.com;Buckinghamshire Future-proofed deposit;963.359.8163;FEMALE;Profound;parsing;Borders content-based;Tasty Customer Human;MEMBER;bus Internal AI;THX bypassing Marketing;Dynamic Home Loan Account Tools;2019-09-08T00:23:47;2019-09-07T04:16:07;Supervisor clear-thinking;30536;DELETE;Devolved driver Networked
5;Fish;payment calculating;local area network Benin;turn-key dedicated;Lamar.Wiza48@gmail.com;Investor users dot-com;564-812-7425 x0760;FEMALE;Response Human;back up Factors;architectures;Wisconsin Facilitator Incredible;MEMBER;eco-centric Bedfordshire mesh;Configuration UIC-Franc;Ergonomic Concrete Soap Zambian Kwacha;2019-09-07T18:13:27;2019-09-07T23:28:11;Bedfordshire;87737;DELETE;Metal array France
6;redundant;Synergistic Personal Loan Account Sleek;Borders;olive Handcrafted Cotton Bacon Unbranded Fresh Pants;Garrick43@gmail.com;Argentine Peso implementation;592.858.0200;FEMALE;compress lavender Investment Account;backing up;Iran;Philippine Peso Metal;EMPLOYEE;card Licensed Cotton Ball;mindshare Gorgeous;Chips;2019-09-08T00:53:27;2019-09-07T06:46:06;Saudi Riyal paradigms;17329;DELETE;Tuna Response invoice
7;alarm Jamaica;system Gorgeous Rubber Pants;hack;leading-edge;Alvis31@gmail.com;Developer Shoes Music;484.314.4630 x6968;MALE;Personal Loan Account;Cambridgeshire Norfolk Island;Soap Tasty Metal Sausages Outdoors;invoice multi-byte;MEMBER;parsing Investment Account;Branding Dynamic black;yellow;2019-09-07T17:46:39;2019-09-08T02:23:40;Generic;68300;DISABLE;wireless
8;hybrid;Solomon Islands Dollar;Personal Loan Account HTTP;schemas Specialist China;Nestor_Mante99@yahoo.com;infrastructures incentivize quantify;1-895-824-6777;FEMALE;Liechtenstein Buckinghamshire monetize;Direct;Small Frozen Salad bypassing;time-frame Quality;MEMBER;methodical;Pakistan;parse;2019-09-07T07:50:02;2019-09-07T08:04:51;Wooden Optimization Associate;99593;DISABLE;Frozen Metal program
9;SDD bypassing;Algerian Dinar Fantastic Fresh Salad;Steel Avon Visionary;exploit transition;Dashawn_West59@hotmail.com;dynamic bandwidth Buckinghamshire;574.293.1442;MALE;Handmade Wooden Cheese Fresh;input Naira;Markets;Glen Refined;MEMBER;Strategist;Incredible Fresh Car Tuvalu;Senior Optional Yemeni Rial;2019-09-08T01:01:17;2019-09-07T14:16:39;Savings Account;69574;FREEZE;Naira iterate
10;Unbranded Plastic Chips Brand Regional;Generic B2B;olive;facilitate Persevering;Ariane.Herzog98@gmail.com;Kwanza Falkland Islands (Malvinas);1-486-621-1908;MALE;Unbranded SCSI;Rustic Steel Shirt drive;Ways Liaison engage;disintermediate Assistant generating;EMPLOYEE;SMS;Zimbabwe parse Customer;input Accounts;2019-09-07T06:26:25;2019-09-07T17:45:48;Multi-channelled;20504;FREEZE;Savings Account
